City,Country_Code,Latitude,Longitude,Max_Temperature,Humidity,Cloudiness,Wind_Speed,Temperature_Category,Humidity_Category,Cloudiness_Category
Virginia Beach,US,36.8646706674397,-73.94173055106351,78.8,88,40,4.7,Hot,Moist,Partly_Cloudy
Pingxiang,CN,27.166194803378517,113.9973371281701,75.6,100,92,3.74,Hot,Moist,Cloudy
Haverfordwest,GB,51.34812051021825,-4.768442684887219,54.09,100,12,16.71,Optimum,Moist,Clear
Cap-Aux-Meules,CA,48.02317633010665,-61.163541562604536,57.2,71,90,12.75,Optimum,Optimum,Cloudy
Timra,SE,64.20750131011897,16.506816838680862,51.8,62,44,5.82,Optimum,Optimum,Partly_Cloudy
Gorin,RU,51.090063925215844,136.57399151453376,48.6,100,92,7.87,Cold,Moist,Cloudy
Winfield,US,37.21174586468534,-96.71442350078534,71.6,88,40,6.93,Hot,Moist,Partly_Cloudy
Chalmette,US,29.200739739709277,-89.56248265951756,84.2,78,40,3.36,Hot,Moist,Partly_Cloudy
Lensk,RU,60.6918858696061,115.53117262706803,64.71,67,0,3.4,Optimum,Optimum,Clear
Kodinar,IN,20.945147646670335,70.59544876084209,84.42,74,92,10.22,Hot,Optimum,Cloudy
Solnechnogorsk,RU,56.349397988130846,37.1845938386447,55.4,81,0,11.18,Optimum,Moist,Clear
Wasilla,US,61.86735448419151,-149.68636459733372,69.8,52,90,2.73,Optimum,Optimum,Cloudy
Cuamba,MZ,-13.878330948433614,37.36449622399783,54.99,91,0,2.73,Optimum,Moist,Clear
Villa Bisono,DO,19.389769393781307,-70.92787161464489,78.8,88,40,4.7,Hot,Moist,Partly_Cloudy
Popondetta,PG,-7.701439482242236,148.74426178322574,75.42,94,68,2.39,Hot,Moist,Partly_Cloudy
Vezirkopru,TR,41.10529899138368,35.29100377213379,59,87,0,4.7,Optimum,Moist,Clear
Bemidji,US,47.336098924647104,-95.66099661652174,77,56,1,4.7,Hot,Optimum,Clear
Druzhba,UA,51.547813617851745,28.155880000330086,62.1,86,36,2.84,Optimum,Moist,Partly_Cloudy
Savannah Bight,HN,17.27308765512413,-84.83491792800126,84.24,92,12,19.73,Hot,Moist,Clear
Kinango,KE,-4.354964857920905,38.77404856231638,74.88,100,88,14.14,Hot,Moist,Cloudy
Payakumbuh,ID,0.49163685358824694,100.18931839850666,80.37,88,88,3.4,Hot,Moist,Cloudy
Toamasina,MG,-18.38716889301864,51.32706158729431,66.2,93,40,3.18,Optimum,Moist,Partly_Cloudy
Pitiquito,MX,30.061587413182764,-112.005839567793,86.31,20,0,7.54,Hot,Dry,Clear
Valparaiso,CO,5.631382902562194,-75.58235800277342,64.89,96,88,1.61,Optimum,Moist,Cloudy
Olinda,BR,-8.783094975542255,-31.813355462788536,69.8,83,0,3.36,Optimum,Moist,Clear
Esqueda,MX,30.81632080577549,-109.33226390113909,78.75,32,0,3.96,Hot,Dry,Clear
Cambridge,US,40.12616651361728,-81.65530429662115,69.8,100,90,6.93,Optimum,Moist,Cloudy
Lebedyn,UA,50.384731420048695,34.41571360365944,61.56,73,0,4.07,Optimum,Optimum,Clear
Vanavara,RU,60.13378056947798,103.95066351858253,78.12,75,0,3.96,Hot,Optimum,Clear
Arbagar,RU,52.306236092732064,116.16779315745146,75.24,80,0,4.41,Hot,Moist,Clear
Rock Sound,BS,23.729217400321147,-76.46076261005018,80.82,100,0,1.28,Hot,Moist,Clear
Taguatinga,BR,-12.11452876730867,-46.31523765399203,62.6,72,0,4.7,Optimum,Optimum,Clear
Rovaniemi,FI,67.74694960935358,24.947562743776217,46.4,81,0,6.93,Cold,Moist,Clear
Nawalgarh,IN,27.949208343059524,75.39266152882743,91.17,45,0,4.63,Hot,Optimum,Clear
Hirtshals,DK,57.87047741652535,9.921278456245119,53.46,100,76,19.73,Optimum,Moist,Cloudy
Shimanovsk,RU,51.81602033957259,127.81396765498312,73.62,49,8,3.62,Hot,Optimum,Clear
Dezhou,CN,37.740521378544116,116.39633578274777,91.89,52,20,10.67,Hot,Optimum,Clear
Minsk,BY,53.58198538361901,28.302838853810243,55.4,76,0,7.54,Optimum,Moist,Clear
Manyana,BW,-22.75348003807973,21.126609846751876,39.6,81,0,6.64,Cold,Moist,Clear
Plouzane,FR,48.45191228208688,-5.072401529788323,59,100,90,10.29,Optimum,Moist,Cloudy
Carhuaz,PE,-9.231195895012533,-77.62526238925123,29.34,73,0,1.95,Cold,Optimum,Clear
Save,BJ,8.08125340457832,2.5908488726065,74.16,90,32,7.09,Hot,Moist,Partly_Cloudy
Tulum,MX,18.962883481589714,-86.59733104104959,80.6,83,40,3.36,Hot,Moist,Partly_Cloudy
Toktogul,KG,41.93723218597205,72.53818561630652,52.83,73,32,2.28,Optimum,Optimum,Partly_Cloudy
Elizabeth City,US,34.20521717684835,-73.38669419502453,80.6,94,40,5.82,Hot,Moist,Partly_Cloudy
Kisangani,CD,1.1767738151997946,26.19319733680058,71.91,100,88,2.62,Hot,Moist,Cloudy
Amga,RU,60.2549158275539,131.17044351837728,57.51,63,76,8.21,Optimum,Optimum,Cloudy
Farroupilha,BR,-29.166731307209936,-51.36258449076874,45.81,83,0,2.17,Cold,Moist,Clear
Tevaitoa,PF,-18.086358867403135,-152.48729650334752,81.54,96,92,15.59,Hot,Moist,Cloudy
Tarakan,ID,2.8884233483682635,119.06968447662734,85.59,88,12,2.06,Hot,Moist,Clear
Arumbavur,IN,11.405398239083283,78.69683390059481,82.4,65,40,6.87,Hot,Optimum,Partly_Cloudy
Wittingen,DE,52.72190909308958,10.59858827666011,62.6,87,20,3.36,Optimum,Moist,Clear
Puerto Penasco,MX,31.64572944944321,-113.90281313383845,80.01,85,0,6.2,Hot,Moist,Clear
Gazanjyk,TM,40.73413321570149,55.68613589622893,70.65,55,0,7.43,Hot,Optimum,Clear
Piet Retief,ZA,-26.900099294031968,30.777597370668275,45,96,20,2.51,Cold,Moist,Clear
Daru,PG,-12.553127470310073,144.01519064255132,79.29,90,48,18.84,Hot,Moist,Partly_Cloudy
Palampur,IN,32.45849847686529,76.53254651924425,41.49,81,36,0.72,Cold,Moist,Partly_Cloudy
Agogo,GH,7.025644937680241,-1.1332707126688604,73.17,81,8,9.33,Hot,Moist,Clear
Nantucket,US,39.49510390332475,-70.69881186849572,68,82,1,12.75,Optimum,Moist,Clear
Lekoni,GA,-1.729450738279212,14.093826789773999,66.69,98,68,4.29,Optimum,Moist,Partly_Cloudy
Shaturtorf,RU,55.6439151947192,39.430090517969916,60.03,59,0,11.68,Optimum,Optimum,Clear
Berea,US,37.34397071923834,-84.32555823635082,71.6,82,75,8.05,Hot,Moist,Cloudy
Kalach-Na-Donu,RU,48.844870364800556,43.280242893584415,68,60,0,4.47,Optimum,Optimum,Clear
Lere,NG,10.409654203687552,8.938715076114846,65.16,99,92,8.55,Optimum,Moist,Cloudy
Litovko,RU,49.157970805719515,135.62677915956567,56.16,97,92,5.86,Optimum,Moist,Cloudy
Banamba,ML,14.122176489242733,-7.6005151439469785,83.79,49,0,12.46,Hot,Optimum,Clear
Manado,ID,3.054107479367076,122.98895886700086,87.8,62,20,3.36,Hot,Optimum,Clear
Sal Rei,CV,16.320891439977302,-23.373405567286625,73.4,78,75,14.99,Hot,Moist,Cloudy
Maniago,IT,46.25903353933347,12.79330734910667,59.58,78,0,2.73,Optimum,Moist,Clear
Canavieiras,BR,-15.434386390719027,-38.85340098130237,69.39,100,92,6.98,Optimum,Moist,Cloudy
Dzhebariki-Khaya,RU,62.26480740375686,136.6252482381921,67.41,39,88,6.87,Optimum,Optimum,Cloudy
Nepa Nagar,IN,21.361614477701252,76.4605080429389,80.64,89,44,5.19,Hot,Moist,Partly_Cloudy
Mucurapo,TT,10.893178788586894,-62.26374656170012,77,88,20,11.23,Hot,Moist,Clear
Aksu,KZ,42.865019635454445,69.52316738404193,60.8,82,20,6.71,Optimum,Moist,Clear
Kraslava,LV,55.994078895384774,27.23612353663941,58.77,78,0,11.79,Optimum,Moist,Clear
Totness,SR,5.251077342426385,-56.09664702869081,79.92,100,36,11.23,Hot,Moist,Partly_Cloudy
Nisia Floresta,BR,-3.5900685936384207,-27.207609735369687,75.2,78,0,8.05,Hot,Moist,Clear
Kamariotissa,GR,40.58735982483711,25.505061772629716,73.4,69,0,8.05,Hot,Optimum,Clear
Santiago,PH,7.015131185702032,129.08386946876846,87.12,87,0,0.83,Hot,Moist,Clear
Bela,PK,26.154218383018247,66.44328670325217,76.86,88,56,2.39,Hot,Moist,Partly_Cloudy
Troitsko-Pechorsk,RU,61.86725494667883,56.83681778794062,58.95,97,88,5.19,Optimum,Moist,Cloudy
Coruripe,BR,-14.207185572313378,-31.7739880031381,78.21,95,92,14.81,Hot,Moist,Cloudy
Rawson,AR,-48.04806453019261,-59.426885673638736,48.87,42,0,21.52,Cold,Optimum,Clear
Paranaiba,BR,-19.51595336239062,-51.50999364560607,67.14,70,12,5.75,Optimum,Optimum,Clear
Carolina,BR,-7.2050146350199356,-47.442383834796146,74.16,49,0,9.44,Hot,Optimum,Clear
Kathua,IN,32.4077946754569,75.59601668602713,88.02,39,12,3.4,Hot,Optimum,Clear
Baturaja,ID,-4.997938080089725,103.74647403169615,78.03,95,76,4.63,Hot,Moist,Cloudy
Venado Tuerto,AR,-33.714039114960855,-61.47134085427288,58.32,89,0,10.67,Optimum,Moist,Clear
Ada,US,34.74791642023574,-96.15752991257322,71.6,68,90,3.4,Hot,Optimum,Cloudy
Mishan,CN,45.62947186565236,132.53158099503844,66.51,79,44,10.78,Optimum,Moist,Partly_Cloudy
Izhma,RU,64.34468015748504,53.934978266142025,64.17,62,32,5.41,Optimum,Optimum,Partly_Cloudy
Herat,AF,33.958581315619725,62.13010265344684,68,42,0,2.24,Optimum,Optimum,Clear
Harrismith,ZA,-28.60639771832549,29.38052973417004,34.47,59,0,3.4,Cold,Optimum,Clear
Birjand,IR,32.013762749649416,60.34200852169403,68,44,0,6.93,Optimum,Optimum,Clear
Kenai,US,65.02152662361934,-153.0682451524044,66.2,67,90,12.75,Optimum,Optimum,Cloudy
Clausthal-Zellerfeld,DE,51.756743712854984,10.367265876788679,64.44,80,0,6.76,Optimum,Moist,Clear
Nybro,SE,57.120869906072556,15.973216704255577,64.4,93,88,14.99,Optimum,Moist,Cloudy
Nadapuram,IN,11.64730670941887,75.81560080866606,70.11,100,92,2.62,Hot,Moist,Cloudy
Sibu,MY,2.079030259543927,111.44586908917324,75.2,94,75,3.36,Hot,Moist,Cloudy
Ixtepec,MX,16.5566830500412,-95.06502902650544,58.05,94,92,1.95,Optimum,Moist,Cloudy
Waipawa,NZ,-44.81846767886064,176.50403167719992,47.79,86,92,8.66,Cold,Moist,Cloudy
Sumbe,AO,-11.185547111229852,14.277351790106621,67.23,100,0,3.85,Optimum,Moist,Clear
Okitipupa,NG,6.601285244835495,4.609606651492186,74.52,96,92,2.95,Hot,Moist,Cloudy
Dalianwan,CN,38.779707189323545,122.29577938863144,84.2,30,0,6.71,Hot,Dry,Clear
Guilin,CN,25.543013103448203,110.76817301660822,78.8,94,75,6.71,Hot,Moist,Cloudy
Pak Phanang,TH,9.095427384487351,102.24085614619582,78.8,94,20,2.24,Hot,Moist,Clear
Rockland,US,43.790418287384966,-68.65033710049258,75.2,77,1,9.44,Hot,Moist,Clear
Mantua,CU,21.647608458339846,-84.8795262012121,75.33,90,36,3.51,Hot,Moist,Partly_Cloudy
Gamba,GA,-5.961490151639524,4.689855440989959,73.26,100,36,12.24,Hot,Moist,Partly_Cloudy
Zhireken,RU,53.39687340061499,117.49996468836832,75.24,56,0,3.4,Hot,Optimum,Clear
Arcata,US,41.44118044088907,-123.88351376311016,57.2,87,90,11.41,Optimum,Moist,Cloudy
Ulaangom,MN,48.41872358623277,91.57874280849376,56.52,77,88,3.18,Optimum,Moist,Cloudy
Pangoa,PE,-12.249523284758439,-72.84988050842205,59.67,91,20,0.72,Optimum,Moist,Clear
Ushtobe,KZ,46.92497231052258,78.222196083384,78.48,39,0,4.85,Hot,Optimum,Clear
Campbell River,CA,50.94817028777882,-125.46987145503468,84.2,44,75,1.39,Hot,Optimum,Cloudy
Derzhavinsk,KZ,49.16612226018151,65.20242356066879,72.27,55,24,13.13,Hot,Optimum,Clear
Turinskaya Sloboda,RU,57.67402196705956,64.03141538081948,60.12,80,8,16.04,Optimum,Moist,Clear
Sadovoye,RU,47.5683024583212,44.18510895906695,76.41,45,20,9.66,Hot,Optimum,Clear
Bida,NG,8.673261976484227,6.518256104358187,73.08,97,92,6.42,Hot,Moist,Cloudy
Reo,BF,12.526710630629822,-2.597596728459564,81.45,62,0,11.23,Hot,Optimum,Clear
Nichinan,JP,29.213241370075835,134.42431225196577,73.4,94,75,5.82,Hot,Moist,Cloudy
Agirish,RU,62.500772996337645,63.17738030923749,64.98,67,24,5.19,Optimum,Optimum,Clear
Tilichiki,RU,60.392653492254766,172.51723154332996,55.44,72,24,4.41,Optimum,Optimum,Clear
Tondano,ID,-1.2049159210766902,125.33669152336171,87.8,62,20,3.36,Hot,Optimum,Clear
Paso De Los Toros,UY,-32.31305842299528,-56.50677607481924,60.66,84,64,11.34,Optimum,Moist,Partly_Cloudy
Wageningen,SR,4.705439826837377,-57.18450531712787,79.92,100,36,11.23,Hot,Moist,Partly_Cloudy
Saryg-Sep,RU,51.796724860302305,95.78464935405634,69.12,74,0,2.62,Optimum,Optimum,Clear
Los Llanos De Aridane,ES,29.45622106312763,-20.09278605278223,69.8,77,56,13.87,Optimum,Moist,Partly_Cloudy
Visby,SE,57.09869509857549,18.73104686582036,62.6,88,56,13.87,Optimum,Moist,Partly_Cloudy
Amapa,BR,3.431377038681873,-49.56523938509994,73.26,94,36,1.05,Hot,Moist,Partly_Cloudy
Moyale,ET,4.323171520527509,40.1527783230589,59.31,97,92,2.51,Optimum,Moist,Cloudy
Sibiti,CG,-3.244388336971852,13.156333666943482,68.31,93,92,3.96,Optimum,Moist,Cloudy
Humberto De Campos,BR,-1.5119942039722503,-43.52201091256663,75.42,100,0,2.39,Hot,Moist,Clear
Mumbwa,ZM,-15.384303215960102,27.319940649876116,48.42,78,0,4.97,Cold,Moist,Clear
Koshurnikovo,RU,53.785670870507175,93.74666145136308,55.71,100,92,3.29,Optimum,Moist,Cloudy
Almansa,ES,39.15091186116672,-1.2373216292804443,62.6,67,0,6.93,Optimum,Optimum,Clear
Ironton,US,38.3344362452178,-82.97564121441694,75.2,88,1,3.36,Hot,Moist,Clear
Veisiejai,LT,54.0939130713227,23.736429582820648,59.58,70,36,10.67,Optimum,Optimum,Partly_Cloudy
Houlton,US,46.26551699212288,-67.88511771898553,62.6,87,90,4.7,Optimum,Moist,Cloudy
Yuryevets,RU,57.47399916242165,42.75529138987406,59.13,64,0,19.62,Optimum,Optimum,Clear
Gravdal,NO,72.73301759799867,11.337902252615038,46.4,81,92,5.82,Cold,Moist,Cloudy
Rudnogorsk,RU,59.51278323265021,105.11750416145287,74.52,50,36,3.74,Hot,Optimum,Partly_Cloudy
Sharan,AF,33.23658765487406,68.95063797274742,65.07,24,0,3.62,Optimum,Dry,Clear
Mayo,CA,64.13758300286267,-132.79657162288743,78.8,29,90,2.24,Hot,Dry,Cloudy
Arlit,NE,20.035993546736023,6.410185572922529,77.04,22,24,4.07,Hot,Dry,Clear
Walvis Bay,NA,-25.30385748032404,8.570118637211607,51.8,87,0,7.99,Optimum,Moist,Clear
Honggang,CN,46.29954495396646,124.4552855102844,76.41,86,92,2.95,Hot,Moist,Cloudy
Zhanaozen,KZ,44.2245604999805,53.40130664901719,80.19,28,44,13.58,Hot,Dry,Partly_Cloudy
Brejo Santo,BR,-7.595925087382412,-39.13065957610442,70.47,63,0,13.02,Hot,Optimum,Clear
Buluang,PH,12.994355898584331,117.66072324019007,86,70,40,4.7,Hot,Optimum,Partly_Cloudy
Den Helder,NL,54.52979775640034,4.534629400463274,59,87,90,6.93,Optimum,Moist,Cloudy
Rusape,ZW,-18.2590519002175,32.237832983251764,42.93,94,12,2.62,Cold,Moist,Clear
Theunissen,ZA,-28.292437611493717,26.83651440951425,39.15,73,0,6.76,Cold,Optimum,Clear
Thurles,IE,52.58979747717217,-7.757902292101562,47.61,90,20,9.78,Cold,Moist,Clear
Kutum,SD,17.768711117629536,24.100582572382933,66.96,90,20,5.97,Optimum,Moist,Clear
Catuday,PH,17.608391919143827,116.72838073030198,79.74,100,88,4.97,Hot,Moist,Cloudy
Udachnyy,RU,65.55540843943069,114.64363965960456,65.88,59,0,3.4,Optimum,Optimum,Clear
Lahad Datu,MY,5.153127961726597,117.34012292280528,85.23,81,20,2.73,Hot,Moist,Clear
Baiyin,CN,36.3089860179451,104.45593302757635,66.2,68,0,6.71,Optimum,Optimum,Clear
Carnot,CF,5.001136429299407,16.07412442256887,66.69,95,48,4.41,Optimum,Moist,Partly_Cloudy
Crotone,IT,37.468150562559316,18.042863659576227,50,57,0,9.17,Cold,Optimum,Clear
Sungaipenuh,ID,-5.075543325964631,97.39529571622984,72.36,87,56,1.72,Hot,Moist,Partly_Cloudy
Chiautla,MX,18.33320136079692,-98.57598018137313,64.4,55,75,9.17,Optimum,Optimum,Cloudy
Sarandi,BR,-27.567736234904466,-53.01544972478209,49.95,81,0,9.1,Cold,Moist,Clear
Melo,UY,-32.130488002482764,-54.20384271956867,55.89,90,8,9.22,Optimum,Moist,Clear
Araceli,PH,10.995186065435604,120.36011032770546,84.51,100,64,11.23,Hot,Moist,Partly_Cloudy
Gazli,UZ,41.762772722743534,63.21716690681288,79.56,18,0,5.19,Hot,Dry,Clear
Tezu,IN,30.977174947687615,97.07013801681762,75.96,85,20,0.6,Hot,Moist,Clear
Talcahuano,CL,-34.162717423766914,-76.77184214178737,46.4,87,75,4.7,Cold,Moist,Cloudy
Si Racha,TH,13.10173212994411,100.92767691448296,86,66,40,11.41,Hot,Optimum,Partly_Cloudy
Galle,LK,5.482330214787439,79.88414516572095,80.37,93,92,15.93,Hot,Moist,Cloudy
Brae,GB,63.87214623187313,-0.044187636620279136,48.2,75,92,6.93,Cold,Optimum,Cloudy
Jaru,BR,-9.970883453868751,-62.08410837042817,75.51,58,48,3.29,Hot,Optimum,Partly_Cloudy
Chifeng,CN,44.419076330845684,118.82587426086064,80.1,31,0,3.62,Hot,Dry,Clear
Teahupoo,PF,-19.680237065503533,-148.42079206913496,84.2,62,40,8.05,Hot,Optimum,Partly_Cloudy
Phon,TH,15.561586959596497,102.74850597548306,84.69,78,44,10.22,Hot,Moist,Partly_Cloudy
Umba,RU,66.86553203177738,35.04645268158927,53.01,76,76,14.03,Optimum,Moist,Cloudy
Barra Do Garcas,BR,-14.849245083320412,-52.23168790836672,64.35,76,0,2.95,Optimum,Moist,Clear
Beira,MZ,-21.76180270854691,34.81798702329937,68.67,85,24,3.4,Optimum,Moist,Clear
Smithers,CA,57.277151953268714,-127.44946565760884,64.4,93,75,9.17,Optimum,Moist,Cloudy
Senador Canedo,BR,-16.751685591425712,-48.917886421751234,68,60,0,3.36,Optimum,Optimum,Clear
Diu,IN,19.702946296880725,71.04947261426366,84.42,74,92,10.22,Hot,Optimum,Cloudy
Dibulla,CO,12.299096780941724,-73.71387145268103,77.4,100,88,2.95,Hot,Moist,Cloudy
Felipe Carrillo Puerto,MX,19.450006738928096,-87.52496986394684,80.37,78,44,6.53,Hot,Moist,Partly_Cloudy
Khushab,PK,32.385012904946606,72.36350995530768,88.56,62,0,4.07,Hot,Optimum,Clear
Pingliang,CN,36.19919403531523,106.99679141111045,70.56,73,92,3.96,Hot,Optimum,Cloudy
San Angelo,US,31.283365815107388,-101.35638656752445,91.4,41,20,8.05,Hot,Optimum,Clear
Mirnyy,RU,63.25221894483906,113.73645855724857,58.32,59,0,13.47,Optimum,Optimum,Clear
Aktash,RU,50.27338278326653,87.88849837962334,51.21,73,8,2.62,Optimum,Optimum,Clear
Erbaa,TR,40.52885762461386,36.38603617199513,62.6,93,0,2.24,Optimum,Moist,Clear
Abalak,NE,16.657081457793126,5.608892694566833,79.74,63,0,14.92,Hot,Optimum,Clear
Kasempa,ZM,-13.341485145573344,26.057606110411854,56.52,62,56,7.09,Optimum,Optimum,Partly_Cloudy
Susanville,US,41.501973389188464,-120.36809885460201,82.4,13,1,13.87,Hot,Dry,Clear
Jalingo,NG,8.68448172529095,10.950549558671725,68.76,98,92,9.66,Optimum,Moist,Cloudy
Kuala Kedah,MY,5.907680179113285,100.02476187514424,82.4,88,75,2.24,Hot,Moist,Cloudy
Asyut,EG,24.26846721166892,25.872354393136817,80.6,39,0,4.7,Hot,Optimum,Clear
Saiha,IN,21.99635575083441,93.58416073136101,75.96,97,76,1.72,Hot,Moist,Cloudy
Silver City,US,32.534662851123514,-108.57686336517011,91.4,8,1,12.75,Hot,Dry,Clear
Lusambo,CD,-4.922088669065801,23.93883666151993,70.56,75,32,1.95,Hot,Optimum,Partly_Cloudy
Gagra,GE,43.69531792879914,40.34409619221506,68,88,0,8.95,Optimum,Moist,Clear
Alekseyevsk,RU,57.01486634758817,108.71043175218875,77.49,59,8,3.51,Hot,Optimum,Clear
Ankara,TR,39.71535412683815,31.966269415107035,62.6,87,40,2.24,Optimum,Moist,Partly_Cloudy
Zhanakorgan,KZ,42.788110783110454,66.67909330422779,80.19,24,0,4.52,Hot,Dry,Clear
Lahat,ID,-4.173116363922844,103.05127469958654,84.51,81,64,7.2,Hot,Moist,Partly_Cloudy
Miedzyrzec Podlaski,PL,51.92420452727538,22.70178254276007,60.39,80,24,3.29,Optimum,Moist,Clear
Kayerkan,RU,69.56890040657456,87.65434150995748,63.9,88,64,5.97,Optimum,Moist,Partly_Cloudy
Nerchinskiy Zavod,RU,51.71310770949452,119.99032928968069,73.89,60,0,3.29,Hot,Optimum,Clear
Groningen,SR,6.617876302468318,-55.70983189965477,77,94,20,2.24,Hot,Moist,Clear
Oranjestad,AW,12.495793690745003,-70.26532496335827,80.6,83,20,20.8,Hot,Moist,Clear
Iquique,CL,-19.716726120113464,-71.39082161851022,60.8,72,90,4.7,Optimum,Optimum,Cloudy
Vlasotince,RS,42.99439314801984,22.091431400470185,64.4,82,0,4.7,Optimum,Moist,Clear
Sao Francisco De Paula,BR,-29.386786374251464,-50.27967565222258,46.35,81,0,3.74,Cold,Moist,Clear
Swan River,CA,52.3394268468912,-101.46340878268123,80.19,28,8,6.53,Hot,Dry,Clear
Nova Russas,BR,-4.720547090076494,-40.76357883990423,64.71,85,0,2.73,Optimum,Moist,Clear
Samarai,PG,-13.345620970014238,155.292033788075,78.12,100,92,17.05,Hot,Moist,Cloudy
Uige,AO,-7.08929597637804,14.334924905683408,56.43,91,56,2.17,Optimum,Moist,Partly_Cloudy
Kasongo-Lunda,CD,-6.565629038450126,17.927846964337277,64.08,81,24,2.95,Optimum,Moist,Clear
Churapcha,RU,63.313360342157466,132.81044441615228,63.63,48,92,8.77,Optimum,Optimum,Cloudy
Vidim,RU,55.64849295096673,103.40541030352199,76.77,51,20,3.74,Hot,Optimum,Clear
Tinskoy,RU,56.12594961963745,96.99381248507365,75.69,59,32,3.4,Hot,Optimum,Partly_Cloudy
Ozernovskiy,RU,51.86000943705119,155.71631284139693,53.91,82,24,5.97,Optimum,Moist,Clear
Karatau,KZ,42.39783000178369,70.72436517931953,73.44,47,0,2.62,Hot,Optimum,Clear
Polunochnoye,RU,62.67359595096585,59.886729272393154,54.18,97,92,16.82,Optimum,Moist,Cloudy
Carballo,ES,44.15168677426348,-9.881089961311545,62.6,93,12,2.24,Optimum,Moist,Clear
Caala,AO,-13.61055970585953,15.926292152325516,38.07,78,0,1.05,Cold,Moist,Clear
Boa Vista,BR,3.6303278511653616,-62.89973002049197,77,88,75,2.24,Hot,Moist,Cloudy
Ust-Kuyga,RU,71.42137816923838,133.29378248185367,71.46,49,0,6.98,Hot,Optimum,Clear
Pozzuoli,IT,40.859251478039596,14.085079827781584,68,100,0,2.73,Optimum,Moist,Clear
A Coruna,ES,43.629526895007814,-8.487405507853936,62.6,93,12,2.24,Optimum,Moist,Clear
Starkville,US,33.10684588519305,-88.68290686919354,77,83,40,3.18,Hot,Moist,Partly_Cloudy
Knysna,ZA,-37.72525871842584,22.777492080359195,42.8,87,0,4.7,Cold,Moist,Clear
Bodo,NO,67.48189769952646,14.067470265820162,48.2,93,75,17.22,Cold,Moist,Cloudy
Gorontalo,ID,0.007708147506818364,123.20419146965958,85.5,69,12,2.51,Hot,Optimum,Clear
Seddon,NZ,-42.33570814967249,174.21054042052663,47.34,100,76,8.77,Cold,Moist,Cloudy
Roebourne,AU,-25.67771161062356,119.46180830155288,73.53,22,0,15.7,Hot,Dry,Clear
Qianan,CN,44.32528419981213,123.89516029305236,76.77,70,0,5.97,Hot,Optimum,Clear
Sychevka,RU,56.00981345664911,34.28393870271421,55.17,69,0,8.99,Optimum,Optimum,Clear
Blagoyevo,RU,63.33864044328317,47.28462868964829,57.24,99,100,6.31,Optimum,Moist,Cloudy
Kars,TR,40.85740141133442,43.19835825101501,48.2,100,0,1.12,Cold,Moist,Clear
San Andres,CO,13.492769557807492,-80.7517570069309,80.6,88,40,2.24,Hot,Moist,Partly_Cloudy
Xichang,CN,28.499766716585526,102.73365870348727,61.74,97,92,1.72,Optimum,Moist,Cloudy
Kudahuvadhoo,MV,3.214590570791046,63.754620074621016,80.19,100,32,9.44,Hot,Moist,Partly_Cloudy
Gumdag,TM,39.16100538505265,54.43641575042031,75.33,43,0,3.96,Hot,Optimum,Clear
Summerville,US,33.1162379696877,-80.33798049771654,82.4,88,1,2.39,Hot,Moist,Clear
Krasnyy Chikoy,RU,50.42036603560169,108.43320550777008,71.01,73,76,2.95,Hot,Optimum,Cloudy
Teguldet,RU,58.396592768965775,88.6904132488499,67.86,56,80,9.78,Optimum,Optimum,Cloudy
Iwanai,JP,42.68673946081401,140.60332224385775,60.93,91,92,7.43,Optimum,Moist,Cloudy
Vanimo,PG,4.863190177261842,141.67622478509963,83.61,100,48,9.78,Hot,Moist,Partly_Cloudy
Green River,US,41.40692822237912,-109.64563245264122,73.4,25,1,11.41,Hot,Dry,Clear
Topi,PK,34.232378656575776,72.68304973570986,80.6,54,0,3.18,Hot,Optimum,Clear
Burgeo,CA,45.587860050534175,-57.92014364515468,48.87,87,76,17.49,Cold,Moist,Cloudy
Simplicio Mendes,BR,-8.453818494225004,-41.43587243928067,74.25,52,0,12.35,Hot,Optimum,Clear
Sao Jose Da Coroa Grande,BR,-10.644533970019111,-30.292355758986673,75.06,81,92,10,Hot,Moist,Cloudy
Manaquiri,BR,-3.3392396031410385,-60.26722016997283,75.2,94,40,2.24,Hot,Moist,Partly_Cloudy
Hikone,JP,35.26662943754579,136.21034191283002,77,83,75,9.17,Hot,Moist,Cloudy
Troitskoye,RU,49.137589736955476,136.4496688614135,72.99,56,0,4.63,Hot,Optimum,Clear
Otsuki,JP,35.526403517449694,138.95167153581207,71.6,83,75,8.05,Hot,Moist,Cloudy
Vichy,FR,46.30461206590161,3.2168348007462555,62.6,82,0,1.12,Optimum,Moist,Clear
Hohhot,CN,42.36588790746035,110.3845425515189,78.8,22,0,2.24,Hot,Dry,Clear
Ishigaki,JP,23.689859190618733,123.03246732805889,87.8,84,75,19.46,Hot,Moist,Cloudy
Ruthin,GB,52.71837156556515,-3.5696280870033945,53.6,76,40,21.92,Optimum,Moist,Partly_Cloudy
Dabat,ET,13.172029584399496,37.811139009864775,50.22,83,12,1.16,Optimum,Moist,Clear
Cuauhtemoc,MX,22.114178559401537,-97.71567001516509,100.4,22,5,13.87,Hot,Dry,Clear
Neka,IR,37.0664032091659,53.1128844639328,73.4,78,75,4.7,Hot,Moist,Cloudy
Nador,MA,34.07450027989856,-3.179312129598145,69.8,88,0,4.7,Optimum,Moist,Clear
Nova Olimpia,BR,-14.500511649868102,-57.22167692233103,65.52,84,8,3.06,Optimum,Moist,Clear
Belaya Glina,RU,45.96159839662525,40.85318247066752,70.47,60,0,3.18,Hot,Optimum,Clear
Serro,BR,-18.608039602327622,-43.40714694157822,58.77,96,92,2.06,Optimum,Moist,Cloudy
Amatan,MX,17.314669779324007,-92.88546065016125,71.73,87,12,1.95,Hot,Moist,Clear
Mae Ramat,TH,16.83740299712308,98.33943072100521,78.8,83,90,2.24,Hot,Moist,Cloudy
Jinchang,CN,40.520622520270166,103.71066014189188,72,71,0,3.96,Hot,Optimum,Clear
Babol,IR,36.56632848426253,52.73471299031229,73.4,78,75,4.7,Hot,Moist,Cloudy
Gorom-Gorom,BF,15.227285647295759,-0.2339312238119362,83.79,50,0,16.6,Hot,Optimum,Clear
Tieli,CN,46.858472066892745,127.81740936797115,71.64,69,0,9.44,Hot,Optimum,Clear
Baley,RU,51.574109391183185,116.54910095398094,74.43,66,0,3.51,Hot,Optimum,Clear
Sipe Sipe,BO,-17.364500271131305,-66.61154476887103,57.2,76,0,3.36,Optimum,Moist,Clear
Burns Lake,CA,52.81145952873615,-126.29442492655315,63.72,84,56,1.72,Optimum,Moist,Partly_Cloudy
Baker City,US,43.08181205563696,-118.60746462623948,73.4,56,20,8.05,Hot,Optimum,Clear
Alamos,MX,27.580143220784166,-108.58101659300735,86.85,50,0,4.52,Hot,Optimum,Clear
Cordoba,AR,-29.806967507589484,-64.36351879044352,39.51,63,0,2.39,Cold,Optimum,Clear
Port Augusta,AU,-28.56259286298217,138.2358101130307,53.6,87,40,4.7,Optimum,Moist,Partly_Cloudy
Axams,AT,47.09700816327893,11.381979848820265,62.6,82,0,1.12,Optimum,Moist,Clear
Puerto Cabezas,NI,13.438005177932865,-83.00048020831737,80.91,100,76,6.53,Hot,Moist,Cloudy
College Place,US,46.29663652104563,-118.51853310019385,93.2,27,1,5.82,Hot,Dry,Clear
Bom Jesus,BR,-8.948624367892748,-44.211402854836194,70.02,58,0,9.89,Hot,Optimum,Clear
Luzhou,CN,28.762239060538178,105.91314383545222,75.96,99,92,2.06,Hot,Moist,Cloudy
Olavarria,AR,-36.74654264785411,-60.58263143967831,50.31,90,0,8.88,Optimum,Moist,Clear
Trat,TH,12.196174765802937,102.51066500534489,82.4,88,75,3.36,Hot,Moist,Cloudy
Kashi,CN,38.29320049195445,75.62467546044337,69.8,35,20,6.71,Optimum,Dry,Clear
Vanersborg,SE,58.95735323279925,12.604229890602312,51.8,100,80,5.53,Optimum,Moist,Cloudy
Hearst,CA,49.12839209745243,-83.37320674730967,52.56,55,0,3.96,Optimum,Optimum,Clear
Skelleftea,SE,64.66890690483717,21.00492405747977,48.2,70,8,9.17,Cold,Optimum,Clear
Bandar,ID,0.9556667856008545,99.57268020739275,78.03,95,76,4.63,Hot,Moist,Cloudy
Salym,RU,61.39812096938766,70.77417797668554,68.49,61,12,7.2,Optimum,Optimum,Clear
Chaman,PK,31.08121148162965,65.90683036699139,77.76,15,0,3.85,Hot,Dry,Clear
Morgan City,US,25.534967137949494,-92.13669152261274,82.4,83,40,4.7,Hot,Moist,Partly_Cloudy
Ciudad Guayana,VE,8.426294998639577,-62.749855646503974,71.91,100,92,3.18,Hot,Moist,Cloudy
Phalaborwa,ZA,-23.246162308945472,31.675412773566592,60.12,90,64,5.19,Optimum,Moist,Partly_Cloudy
Lykhivka,UA,48.715092765319156,33.832913816038484,66.69,67,0,6.98,Optimum,Optimum,Clear
Nova Olinda Do Norte,BR,-4.4830035452193755,-58.32946765012046,73.71,97,80,2.62,Hot,Moist,Cloudy
Bastia,FR,43.218369974368585,8.778133925443854,68,82,0,2.24,Optimum,Moist,Clear
Marystown,CA,43.93287188116534,-53.72554213118707,48.6,87,48,12.12,Cold,Moist,Partly_Cloudy
Chortomlyk,UA,47.625338553516485,34.10062903050701,72.09,64,0,10.78,Hot,Optimum,Clear
Milford,US,41.199767789948254,-73.03867642533181,82.4,94,75,3.36,Hot,Moist,Cloudy
Lappeenranta,FI,60.75845071821891,27.84546731173799,48.2,70,0,6.93,Cold,Optimum,Clear
Haldibari,IN,26.275510445894923,88.8850238841826,77.76,100,100,5.64,Hot,Moist,Cloudy
Qaracala,AZ,40.03669754195627,49.07654012273383,70.56,86,92,3.74,Hot,Moist,Cloudy
Douglas,US,42.66854243072925,-105.55387854354292,84.2,74,40,3.36,Hot,Optimum,Partly_Cloudy
Tamandare,BR,-10.043600151690555,-30.535931801669676,68.67,87,0,2.51,Optimum,Moist,Clear
Wadi Maliz,TN,37.099208019753036,7.673301118288379,66.2,77,20,5.82,Optimum,Moist,Clear
Deniliquin,AU,-35.25111982264792,144.3912047264708,55.17,100,8,4.63,Optimum,Moist,Clear
Gunjur,GM,12.663410920403635,-17.755395867157432,75.2,83,20,5.82,Hot,Moist,Clear
Chiredzi,ZW,-21.321561996657522,32.123262629060434,54.36,86,8,2.95,Optimum,Moist,Clear
Bell Ville,AR,-32.85405143917051,-61.95965364627938,56.43,81,8,5.3,Optimum,Moist,Clear
Porto Nacional,BR,-10.541161659573035,-48.49702686473711,75.42,46,8,6.76,Hot,Optimum,Clear
Singapore,SG,0.6175566534134447,103.46376045974034,82.4,94,75,2.24,Hot,Moist,Cloudy
Havre-Saint-Pierre,CA,56.78208736917571,-62.82759248408108,55.4,87,90,11.41,Optimum,Moist,Cloudy
Ludza,LV,56.65467567370467,27.832485032027023,57.87,76,0,14.81,Optimum,Moist,Clear
Palana,RU,58.61239381098298,160.40150601359022,57.6,70,92,3.4,Optimum,Optimum,Cloudy
Mbini,GQ,1.40511455741742,7.27323077448392,75.2,94,40,7.65,Hot,Moist,Partly_Cloudy
Karpathos,GR,34.062368417475014,28.005964195536222,73.4,83,0,9.17,Hot,Moist,Clear
Moshi,TZ,-2.9383762489039498,37.36690590778596,61.29,100,56,1.95,Optimum,Moist,Partly_Cloudy
Samus,RU,56.79075233208894,84.83695953240391,62.55,70,32,10.22,Optimum,Optimum,Partly_Cloudy
Buenaventura,CO,3.8003866365706926,-76.91918147811126,68.94,100,92,0.72,Optimum,Moist,Cloudy
General Roca,AR,-38.606509144976776,-66.43642148550272,48.2,26,0,12.75,Cold,Dry,Clear
Pensacola,US,30.155837647270943,-87.08705243009608,86,83,1,3.36,Hot,Moist,Clear
Dawei,MM,13.288794448463818,95.55054640942376,73.26,100,92,2.95,Hot,Moist,Cloudy
Zhicheng,CN,30.117707396453,111.0271209798135,87.21,62,0,5.3,Hot,Optimum,Clear
Alenquer,BR,1.0596740948272014,-54.603923937232565,75.2,100,20,2.24,Hot,Moist,Clear
Puerto Carreno,CO,6.659421596990853,-65.79999920012213,66.96,91,88,2.84,Optimum,Moist,Cloudy
Hokitika,NZ,-38.67827937802582,165.28225487234891,49.14,100,12,0.94,Cold,Moist,Clear
Cascais,PT,36.86819957325096,-13.236549914468156,69.8,73,20,4.7,Optimum,Optimum,Clear
Warrenton,ZA,-28.162013782884294,24.919941129384995,41.76,69,0,8.43,Cold,Optimum,Clear
Pout,SN,15.120451208324084,-17.18712300266222,75.2,83,75,11.41,Hot,Moist,Cloudy
Zaozerne,UA,44.74368988467893,33.00496699006786,61.74,82,12,2.73,Optimum,Moist,Clear
Ziarat,PK,30.709493860955533,68.01385085548904,68.76,26,0,3.18,Optimum,Dry,Clear
Jiayuguan,CN,42.17895732304649,98.96572272020984,68.67,64,0,2.28,Optimum,Optimum,Clear
Mponela,MW,-13.454456442897651,33.721635944155,48.42,79,0,4.41,Cold,Moist,Clear
Ugoofaaru,MV,6.48509475564407,62.72166042494203,83.52,97,80,17.72,Hot,Moist,Cloudy
Tahlequah,US,35.9314905397474,-94.94403011714475,75.2,94,90,4.18,Hot,Moist,Cloudy
Nurota,UZ,41.673860971245176,66.31084649460954,66.2,24,0,2.24,Optimum,Dry,Clear
Teshie,GH,4.3716218893487735,0.21753241635317977,77,94,75,8.05,Hot,Moist,Cloudy
Angoram,PG,-4.022513295939419,145.30950318610496,89.28,60,44,1.61,Hot,Optimum,Partly_Cloudy
Puntarenas,CR,9.60117384558184,-84.78963086916187,68,94,90,4.7,Optimum,Moist,Cloudy
Boa Esperanca Do Sul,BR,-21.955582586907084,-48.411477478047544,59.22,80,0,5.75,Optimum,Moist,Clear
Tamworth,AU,-31.161814237270875,150.8625263367452,59,51,64,6.93,Optimum,Optimum,Partly_Cloudy
Lewistown,US,47.598090039117864,-108.43789329532451,69.8,100,90,5.82,Optimum,Moist,Cloudy
Haridwar,IN,30.06322937220638,78.1131008283482,82.62,81,0,4.29,Hot,Moist,Clear
Padang,ID,-9.762679607546929,89.66066905078713,85.14,100,20,3.62,Hot,Moist,Clear
Chipinge,ZW,-19.693734595909135,33.0934487401411,57.06,84,36,2.73,Optimum,Moist,Partly_Cloudy
Butte,US,46.40485314764817,-112.60321283089966,64.4,52,90,9.17,Optimum,Optimum,Cloudy
Kalawit,PH,8.374392461353594,122.36006049485286,86.13,71,24,4.41,Hot,Optimum,Clear
Soe,ID,-11.597899213591987,126.42297658265102,82.89,53,0,3.29,Hot,Optimum,Clear
New Baltimore,US,42.691907848107604,-82.7001705593714,69.8,72,40,5.41,Optimum,Optimum,Partly_Cloudy
Eenhana,NA,-17.90920314392345,17.19037561944026,46.26,50,0,6.87,Cold,Optimum,Clear
Cookeville,US,36.334873347379244,-85.1502712686744,77,78,1,5.82,Hot,Moist,Clear
San Matias,BO,-15.939435496504686,-58.4196785738351,63.81,82,0,2.84,Optimum,Moist,Clear
Staryy Nadym,RU,65.53955237084637,72.83299995524641,58.77,100,88,5.64,Optimum,Moist,Cloudy
Bilibino,RU,65.95337441606651,164.73741740576276,66.15,47,56,1.72,Optimum,Optimum,Partly_Cloudy
Bealanana,MG,-14.86319262237015,48.99662552042287,48.69,90,8,3.4,Cold,Moist,Clear
Ous,RU,61.29066530533473,61.03742910895099,61.74,84,92,5.41,Optimum,Moist,Cloudy
Kualakapuas,ID,-3.324310440210226,114.27827604323602,84.87,83,12,3.62,Hot,Moist,Clear
Chaozhou,CN,24.39586168946586,116.28491721902589,86,79,20,4.47,Hot,Moist,Clear
Hope,US,34.30099529201013,-93.92979705357382,73.4,100,90,5.82,Hot,Moist,Cloudy
Andros Town,BS,23.564436329409006,-77.81500405567243,78.8,94,75,1.12,Hot,Moist,Cloudy
Berdigestyakh,RU,61.902697078668524,126.62520239421292,65.79,56,32,9.66,Optimum,Optimum,Partly_Cloudy
Praia,CV,8.799648610847186,-22.575391788579623,73.4,73,20,13.87,Hot,Optimum,Clear
Pasni,PK,25.53094906216272,63.13119571986752,85.77,96,32,14.92,Hot,Moist,Partly_Cloudy
Lukulu,ZM,-14.257839542905074,23.351443412449868,47.52,66,0,3.74,Cold,Optimum,Clear
Verkhniye Tatyshly,RU,56.5267920817403,55.67505640428524,53.91,94,92,11.34,Optimum,Moist,Cloudy
Kharovsk,RU,60.209471035991726,40.17190538120343,56.7,61,0,18.28,Optimum,Optimum,Clear
Khasan,RU,40.68000924017463,131.49318375264278,65.52,77,64,10.33,Optimum,Moist,Partly_Cloudy
Mayumba,GA,-4.269489090383203,10.593635429295887,72.09,100,88,9.22,Hot,Moist,Cloudy
Funadhoo,MV,6.104355927047209,73.54245531378132,82.89,99,80,19.28,Hot,Moist,Cloudy
San Javier,BO,-16.47098038511112,-63.03096805036384,64.35,77,0,2.84,Optimum,Moist,Clear
Darhan,MN,46.7203301002676,109.6600616384689,72.36,67,92,5.75,Hot,Optimum,Cloudy
Kalmar,SE,56.21397603914872,17.483517403643276,62.6,93,44,14.99,Optimum,Moist,Partly_Cloudy
Domoni,KM,-11.135860549091205,45.262155461740065,80.37,100,44,8.77,Hot,Moist,Partly_Cloudy
Eskilstuna,SE,59.47331289112503,16.265923173268362,53.6,93,92,3.36,Optimum,Moist,Cloudy
Majagual,CO,8.611459709488955,-74.6219502138782,74.97,95,64,2.06,Hot,Moist,Partly_Cloudy
Valley City,US,46.530954808782866,-98.32934339743362,75.2,60,1,6.93,Hot,Optimum,Clear
Realeza,BR,-25.51497388653567,-53.56998637981697,54.81,83,0,4.18,Optimum,Moist,Clear
Mangai,CD,-4.280123650731952,19.065708472783513,73.71,78,36,2.62,Hot,Moist,Partly_Cloudy
Morganton,US,35.79301947632942,-81.73280694177072,82.4,88,1,5.53,Hot,Moist,Clear
Sao Gabriel Da Cachoeira,BR,-0.14850848896905688,-67.7249140254331,73.17,94,88,1.95,Hot,Moist,Cloudy
Kungurtug,RU,47.719932974276645,97.176473231839,59.67,74,12,2.39,Optimum,Optimum,Clear
Port-Gentil,GA,-4.470831959249281,0.8611483723187519,74.25,100,80,12.8,Hot,Moist,Cloudy
Palapye,BW,-22.604219002802807,27.327999520469234,47.79,89,0,7.54,Cold,Moist,Clear
Singaparna,ID,-10.788418689445251,106.98793015738221,74.34,84,80,2.39,Hot,Moist,Cloudy
Miramar,MX,22.776223057239292,-96.23367605429789,73.4,56,75,9.17,Hot,Optimum,Cloudy
Thoen,TH,17.476871074590434,98.96423263755469,75.15,100,92,2.95,Hot,Moist,Cloudy
Bintulu,MY,3.679258234075405,112.18683790632684,77,88,75,14.99,Hot,Moist,Cloudy
La Romana,DO,17.786267400873953,-68.89560060785763,78.8,94,40,4.7,Hot,Moist,Partly_Cloudy
Katherine,AU,-14.099533789344946,131.8530167270855,75.2,16,0,12.75,Hot,Dry,Clear
Rach Gia,VN,9.658862015187339,104.69167604346791,85.86,89,48,7.87,Hot,Moist,Partly_Cloudy
Santa Maria,CV,19.42592804620142,-23.008994248759024,73.4,78,75,14.99,Hot,Moist,Cloudy
Ocampo,MX,27.69485952672521,-102.77297325782727,78.12,39,20,6.64,Hot,Optimum,Clear
Khandyga,RU,62.862178095870604,135.1097333432905,67.41,39,88,6.87,Optimum,Optimum,Cloudy
Beihai,CN,21.103665811063223,109.41361372142921,84.2,30,0,6.71,Hot,Dry,Clear
Castlemaine,AU,-37.084071483116084,144.70616938052626,48.06,97,0,4.41,Cold,Moist,Clear
Mersing,MY,2.903947005584982,103.67472535796213,85.77,93,20,2.84,Hot,Moist,Clear
Moron,MN,50.52606790170259,100.39550921725998,78.39,37,80,8.55,Hot,Optimum,Cloudy
Marovoay,MG,-16.85844670197612,46.79295870569467,68,82,20,2.24,Optimum,Moist,Clear
Manama,BH,26.493140876705567,51.199428973763105,91.4,59,0,13.87,Hot,Optimum,Clear
Bogorodskoye,RU,56.52285287487433,37.830997979712976,55.62,94,92,8.55,Optimum,Moist,Cloudy
Eslov,SE,55.74943766944571,13.662654314455153,62.6,87,88,12.75,Optimum,Moist,Cloudy
Waddan,LY,27.882920275262435,16.645105963028897,68.94,65,0,9.66,Optimum,Optimum,Clear
Warrington,US,29.534122282024427,-87.36650541824699,78.8,73,90,2.51,Hot,Optimum,Cloudy
Yicheng,CN,31.4847706488639,112.38231506621065,80.37,88,68,4.52,Hot,Moist,Partly_Cloudy
Sibolga,ID,-2.7751249836637584,92.33155626725431,75.33,95,80,2.62,Hot,Moist,Cloudy
Hanmer Springs,NZ,-42.87981792837321,173.56130249280613,39.06,92,8,3.18,Cold,Moist,Clear
Villa Florida,PY,-26.37893994330897,-57.33308401029079,63.09,73,0,8.32,Optimum,Optimum,Clear
Makinsk,KZ,52.979337551877535,70.11361860873726,68.4,67,12,12.8,Optimum,Optimum,Clear
Yarim,YE,14.809315349327164,45.843241923793045,50.67,40,0,1.61,Optimum,Optimum,Clear
Krasnoarmeyskiy,RU,47.23446501024932,42.01670768259828,69.84,63,0,2.73,Optimum,Optimum,Clear
Mao,TD,15.172792067926878,13.729940665072661,74.34,82,76,8.21,Hot,Moist,Cloudy
Aguas Vermelhas,BR,-15.605702163849713,-41.55715623184793,61.92,99,76,8.32,Optimum,Moist,Cloudy
Gubkinskiy,RU,64.11048269649012,76.39816670387103,58.59,92,80,11.9,Optimum,Moist,Cloudy
Raton,US,36.87871662533155,-103.86654304965768,82.4,34,1,20.8,Hot,Dry,Clear
Belchatow,PL,51.267192830589494,19.43579090633409,60.8,82,0,1.12,Optimum,Moist,Clear
Ternate,ID,1.412187052357396,128.95294733019603,82.17,100,0,1.95,Hot,Moist,Clear
Corowa,AU,-35.55044205194801,145.785945461759,48.2,76,0,4.7,Cold,Moist,Clear
Sombrio,BR,-28.910889129350196,-50.10793899160646,57.06,92,0,2.73,Optimum,Moist,Clear
Suntar,RU,61.64420716078229,118.75209469036122,66.96,66,24,7.76,Optimum,Optimum,Clear
Dwarka,IN,22.176009448093538,68.66801811454113,91.4,46,90,9.17,Hot,Optimum,Cloudy
Newport,US,45.74869071530097,-126.44472754615603,71.6,93,20,5.82,Hot,Moist,Clear
Saint Pete Beach,US,26.14770286951297,-86.37454806246488,86,74,90,4.7,Hot,Optimum,Cloudy
Vestmanna,FO,64.10544214606341,-8.372933630585123,44.6,75,88,31.09,Cold,Optimum,Cloudy
Porto Seguro,BR,-16.753125673734843,-39.09142592645395,71.37,100,92,7.65,Hot,Moist,Cloudy
Paciran,ID,-5.023141912971866,112.40462696528493,83.7,75,76,4.74,Hot,Optimum,Cloudy
Tshikapa,CD,-6.066526952295035,19.61188105061092,66.51,84,0,2.17,Optimum,Moist,Clear
Kandy,LK,7.2249438722206065,80.7863912806763,72.81,99,100,6.08,Hot,Moist,Cloudy
Tefe,BR,-4.837118931513089,-64.50403592482012,73.62,93,8,4.74,Hot,Moist,Clear
Mana,GF,7.6309602371521805,-53.1831553870673,75.69,89,0,3.74,Hot,Moist,Clear
Ocos,GT,10.444486320564934,-95.17235465373861,80.6,83,40,4.63,Hot,Moist,Partly_Cloudy
Paraul,RU,42.79363420573398,47.46259717715793,59,72,0,6.71,Optimum,Optimum,Clear
Tromso,NO,71.83830959027941,17.71672101044541,46.4,93,75,3.36,Cold,Moist,Cloudy
Jeannette,US,40.31539157063136,-79.65710710021604,71.6,100,90,2.39,Hot,Moist,Cloudy
Sept-Iles,CA,49.757731380012814,-65.78715549294134,57.2,58,20,9.17,Optimum,Optimum,Clear
Acarigua,VE,9.761661563433535,-69.09843846492936,77,94,20,2.95,Hot,Moist,Clear
Qasigiannguit,GL,67.75790172568011,-49.3717274620214,51.8,37,0,24.16,Optimum,Optimum,Clear
Valparaiso,CL,-31.63394764008568,-76.35980561244743,46.4,93,0,3.18,Cold,Moist,Clear
Jalu,LY,26.055463723635782,21.32397841020986,77.85,46,20,12.8,Hot,Optimum,Clear
Brandon,US,31.839876998980813,-89.86486483604445,62.6,88,90,13.87,Optimum,Moist,Cloudy
Langxiang,CN,46.35973530264869,128.94858130900514,65.16,64,68,5.53,Optimum,Optimum,Partly_Cloudy
China,MX,19.68506674800433,-90.3138945069357,81.36,76,92,5.3,Hot,Moist,Cloudy
Lavumisa,SZ,-27.55968755047376,33.96596424953378,57.06,95,80,2.51,Optimum,Moist,Cloudy
Los Chiles,CR,10.777564491023128,-84.60879581373256,71.73,100,92,0.6,Hot,Moist,Cloudy
Volax,GR,41.37201887228312,23.907024826955762,69.8,73,20,2.06,Optimum,Optimum,Clear
Magistralnyy,RU,55.53953494493854,107.8194589522052,76.68,59,0,3.29,Hot,Optimum,Clear
Morondava,MG,-20.592626895178142,40.813851590441914,62.73,100,0,4.74,Optimum,Moist,Clear
Alakurtti,RU,66.65161121901221,29.62683322212797,50.31,67,56,6.98,Optimum,Optimum,Partly_Cloudy
Canakkale,TR,40.39680370666778,26.165750062591314,68.76,89,20,7.76,Optimum,Moist,Clear
Aquiraz,BR,-2.5533146543652947,-36.671633958127586,78.8,83,0,5.82,Hot,Moist,Clear
Griffith,AU,-32.95323217397826,145.9913725954595,58.32,100,0,4.63,Optimum,Moist,Clear
Planadas,CO,3.067953307905327,-75.92115175174686,84.2,45,40,5.82,Hot,Optimum,Partly_Cloudy
Ilinskoye-Khovanskoye,RU,56.932498882947385,39.61357829600291,59.31,58,0,14.7,Optimum,Optimum,Clear
Minuri,PH,16.024002339804866,122.31362203978682,87.12,87,0,0.83,Hot,Moist,Clear
Anajatuba,BR,-3.224478403739468,-44.726180589547994,72.54,99,20,4.18,Hot,Moist,Clear
Fuling,CN,30.42628620689345,107.16691654092028,72.36,100,92,4.18,Hot,Moist,Cloudy
Halifax,CA,39.52138099486248,-61.44709150690089,64.4,59,20,6.93,Optimum,Optimum,Clear
Robertsport,LR,5.009623311749536,-12.447683461634341,78.21,100,64,9.89,Hot,Moist,Partly_Cloudy
Horsham,AU,-36.14136902751083,141.84319726815687,50.49,100,8,4.52,Optimum,Moist,Clear
Irbeyskoye,RU,55.045835774516235,96.24093509812155,67.77,68,100,14.25,Optimum,Optimum,Cloudy
Martapura,ID,-4.281753974270728,115.51717149992783,82.35,91,20,3.29,Hot,Moist,Clear
Konevo,RU,62.21031114677663,38.833190709702706,53.6,71,0,8.95,Optimum,Optimum,Clear
Kibungo,RW,-1.9389783484717498,30.757222682804723,62.91,90,92,1.5,Optimum,Moist,Cloudy
Salmon Arm,CA,50.9832499903942,-119.25522653400664,76.14,32,8,1.61,Hot,Dry,Clear
Norton Shores,US,43.10535325651972,-86.96454855855008,71.6,82,1,3.85,Hot,Moist,Clear
Conde,BR,-12.450210025182955,-36.246353978267706,71.91,100,88,7.09,Hot,Moist,Cloudy
Tazovskiy,RU,69.24433278387704,77.00003611477052,65.97,72,12,15.7,Optimum,Optimum,Clear
Monrovia,LR,0.6655077306350989,-14.058093185046062,75.2,94,75,5.3,Hot,Moist,Cloudy
Carroll,US,41.91916131735883,-95.33490555996323,71.6,88,90,13.87,Hot,Moist,Cloudy
Diego De Almagro,CL,-26.12922912763748,-68.83487714448232,47.79,88,0,2.17,Cold,Moist,Clear
Mumford,GH,-0.954810822362191,1.0911152376180837,75.15,89,76,9.22,Hot,Moist,Cloudy
Stjordalshalsen,NO,63.75562625108009,10.757295291283384,46.4,87,75,6.93,Cold,Moist,Cloudy
Ponta Delgada,PT,29.299658504845013,-26.59726132212745,68,88,20,5.82,Optimum,Moist,Clear
Zhuzhou,CN,27.910116244074842,112.88149240202404,78.8,83,90,2.24,Hot,Moist,Cloudy
Tombouctou,ML,16.1750207678067,-2.2475798358030374,95.49,14,88,10.45,Hot,Dry,Cloudy
Pilar De La Horadada,ES,37.88888819897839,-0.7509444067624429,71.6,78,0,4.7,Hot,Moist,Clear
Khovu-Aksy,RU,50.75682170026141,93.41212226974386,66.69,61,48,2.17,Optimum,Optimum,Partly_Cloudy
Truro,CA,45.40198740376371,-63.38813837627964,64.4,48,20,9.17,Optimum,Optimum,Clear
Samdari,IN,26.0362015764443,72.49463148334843,90.36,49,0,11.9,Hot,Optimum,Clear
Chapais,CA,51.907771650069435,-75.34942288734493,48.2,45,90,8.05,Cold,Optimum,Cloudy
Killybegs,IE,58.14589385498604,-10.85514766158252,51.39,96,68,14.81,Optimum,Moist,Partly_Cloudy
Gedo,ET,8.781502173967866,37.07322482769936,55.26,98,92,2.95,Optimum,Moist,Cloudy
Sidi Ali,DZ,37.08123479129058,0.9876331875535698,60.75,87,0,2.39,Optimum,Moist,Clear
Puerto Ayacucho,VE,4.730185133120244,-67.30851027555627,70.56,98,44,0.16,Hot,Moist,Partly_Cloudy
Meadow Lake,CA,56.40866834395925,-108.51923741118361,79.83,32,0,5.19,Hot,Dry,Clear
Durban,ZA,-30.06964453965813,31.309369880235522,69.48,100,0,18.28,Optimum,Moist,Clear
Zafra,ES,38.38899752497204,-6.588235691710793,66.33,75,44,3.06,Optimum,Optimum,Partly_Cloudy
Rio Gallegos,AR,-51.685347827762065,-70.34953061723918,35.6,93,0,23.04,Cold,Moist,Clear
Ati,TD,12.736579402049117,17.989882747255393,70.2,96,48,6.76,Hot,Moist,Partly_Cloudy
Tucurui,BR,-3.592968081888557,-50.796184576126876,72.09,94,20,2.17,Hot,Moist,Clear
Boyuibe,BO,-20.957885873714574,-62.727679579447255,66.87,64,0,13.02,Optimum,Optimum,Clear
Severobaykalsk,RU,56.46397678138257,108.6445545406009,67.68,69,0,1.72,Optimum,Optimum,Clear
Monte Patria,CL,-30.850778781451993,-69.86272569271992,30.06,88,0,1.28,Cold,Moist,Clear
Elko,US,40.05664196527911,-115.22795585047857,87.8,14,1,3.36,Hot,Dry,Clear
Ilabaya,PE,-17.5609184270954,-70.31905853572671,51.84,76,8,1.83,Optimum,Moist,Clear
Arroyos Y Esteros,PY,-25.03259330926909,-57.02845524100199,68,82,0,6.93,Optimum,Moist,Clear
